room_code,acm_code,room_name,room_type,total_rooms,room_capacity,room_max_capacity,check_in_time,check_out_time,room_weekday_price,room_weekend_price,peak_season_weekday_price,peak_season_weekend_price,room_info,room_amenities,room_status
1,1,AVANI DELUXE,,2,2,2,15:00,12:00,80000,180000,,,숙박 | 체크인 15:00 - 체크아웃 12:00,,1
2,1,SUITE ROOM WITH MOVIE AND SPA,,3,2,4,15:00,12:00,150000,250000,,,숙박 | 체크인 15:00 - 체크아웃 12:00,,1
3,1,5PC GAMING PARTY ROOM,,2,5,6,15:00,12:00,150000,250000,,,숙박 | 체크인 15:00 - 체크아웃 12:00,,1
4,2,디럭스 더블,,3,2,2,15:00,12:00,423500,423500,,,숙박 | 체크인 15:00 - 체크아웃 12:00%%2인 기준 최대 2인%%더블침대 1개%%객실+욕실 / 10.2평,"침대, TV, 에어컨, 티테이블, 의자, 미니바, 다리미, 다리미판, 문구류, 욕실용품, 헤어드라이기",1
5,2,2베드룸 레지던스,,2,3,3,15:00,12:00,363000,363000,,,"숙박 | 체크인 15:00 - 체크아웃 12:00%%3인 기준 최대 3인%%싱글침대 1개, 더블침대 1개%%객실+주방 및 거실+욕실 / 29.04평","추가정보%%취사가능%%%%편의시설%%TV, 식탁, 책상 및 의자, 냉장고",1
6,2,3베드룸 레지던스,,4,4,4,15:00,12:00,423500,423500,,,"숙박 | 체크인 15:00 - 체크아웃 12:00%%4인 기준 최대 4인%%싱글침대 2개, 더블침대 1개%%객실3+거실+주방+욕실2 / 42.05평","추가정보%%취사가능%%%%편의시설%%TV, 식탁, 책상, 의자, 냉장고",1
7,3,A-타입,,4,2,2,17:00,14:00,50000,70000,70000,,숙박 | 체크인 17:00 - 체크아웃 14:00,,1
8,3,B-타입,,3,2,2,17:00,14:00,45000,60000,,,숙박 | 체크인 17:00 - 체크아웃 14:00,,1
9,3,특실,,2,2,2,17:00,14:00,70000,130000,,,숙박 | 체크인 17:00 - 체크아웃 14:00,,1
10,3,VIP,,1,2,2,18:00,12:00,200000,250000,,,숙박 | 체크인 18:00 - 체크아웃 12:00,,1
11,3,VVIP,,2,4,4,17:00,14:00,300000,350000,,,숙박 | 체크인 17:00 - 체크아웃 14:00,,1
12,3,커플PC ROOM,,3,2,2,17:00,14:00,55000,75000,,,숙박 | 체크인 17:00 - 체크아웃 14:00,,1
13,4,일반,,5,2,2,20:00,14:00,120000,120000,,,숙박 | 체크인 20:00 - 체크아웃 14:00,,1
14,4,특실,,2,2,3,20:00,14:00,140000,140000,,,숙박 | 체크인 20:00 - 체크아웃 14:00,,1
15,5,디럭스,더블,4,2,2,20:00,14:00,60000,110000,,,숙박 | 체크인 20:00 - 체크아웃 15:00,,1
16,5,디럭스,트윈,4,2,2,21:00,15:00,65000,110000,,,숙박 | 체크인 21:00 - 체크아웃 15:00,,1
17,5,커플PC,,2,2,2,20:00,15:00,70000,130000,,,숙박 | 체크인 20:00 - 체크아웃 15:00,,1
18,5,패밀리 트윈룸,,1,2,2,22:00,15:00,75000,140000,,,숙박 | 체크인 22:00 - 체크아웃 15:00,,1
19,6,일반,,3,2,2,16:00,14:00,40000,50000,,,숙박 | 체크인 16:00 - 체크아웃 14:00,,1
20,6,준특실,,4,2,2,16:00,14:00,45000,60000,,,숙박 | 체크인 16:00 - 체크아웃 14:00,,1
21,6,특실,,5,2,2,16:00,14:00,50000,70000,,,숙박 | 체크인 16:00 - 체크아웃 17:00,,1
22,7,일반,,4,2,2,13:00,15:00,30000,60000,,,숙박 | 체크인 13:00 - 체크아웃 15:00,,1
23,7,디럭스,,4,2,2,17:00,15:00,30000,60000,,,숙박 | 체크인 17:00 - 체크아웃 15:00,,1
24,7,프리미엄-커플,,2,2,2,17:00,14:00,35000,65000,,,숙박 | 체크인 17:00 - 체크아웃 14:00,,1
25,7,게이밍-커플,,2,2,2,17:00,14:00,40000,70000,,,숙박 | 체크인 17:00 - 체크아웃 14:00,,1
26,8,슈페리어,헐리우드,5,2,2,16:00,11:00,110000,205700,352000,352000,숙박 | 체크인 16:00 - 체크아웃 11:00%%2인 기준 최대 2인%%싱글침대 2개%%객실+욕실 / 8.29평,"침대, TV, 에어컨, 티테이블, 미니바, 전기포트, 샤워가운, 욕실용품, 비데, 헤어드라이기",1
27,8,슈페리어,더블,5,2,2,16:00,11:00,110000,205700,352000,352000,숙박 | 체크인 16:00 - 체크아웃 11:00%%2인 기준 최대 2인%%더블침대 1개%%객실+욕실 / 8.29평,"침대, TV, 에어컨, 티테이블, 미니바, 전기포트, 샤워가운, 욕실용품, 비데, 헤어드라이기",1
28,8,슈페리어,트윈,5,2,3,16:00,11:00,132000,224400,363000,363000,"숙박 | 체크인 16:00 - 체크아웃 11:00%%2인 기준 최대 3인%%싱글침대 1개, 더블침대 1개%%객실+욕실 / 8.3평","침대, TV, 에어컨, 티테이블, 미니바, 전기포트, 샤워가운, 욕실용품, 비데, 헤어드라이기",1
29,9,디럭스,더블,6,2,2,15:00,11:00,139500,139500,399300,399300,"숙박 | 체크인 15:00 - 체크아웃 11:00%%2인 기준 최대 2인%%킹침대 1개%%객실+욕실 / 10평%%킹베드 185X200cm / 취소,변경,환불 불가 상품","TV, 침대, 테이블, 에어컨, 미니바, 욕실용품",1
30,9,디럭스,트윈,5,2,2,15:00,11:00,139500,139500,399300,399300,"숙박 | 체크인 15:00 - 체크아웃 11:00%%2인 기준 최대 2인%%싱글침대 2개%%객실+욕실 / 10평%%세미싱글 135X200cm / 성인 4명 투숙 불가 / 취소,변경,환불 불가 상품","침대, TV, 테이블, 에어컨, 미니바, 욕실용품",1
31,9,디럭스,패밀리,6,2,3,15:00,11:00,167400,167400,449300,449300,"숙박 | 체크인 15:00 - 체크아웃 11:00%%3인 기준 최대 3인%%싱글침대 1개, 킹침대 1개%%객실+욕실 / 10평%%킹베드185X200cm/세미싱글135X200cm / 취소,변경,환불 불가 상품","침대, TV, 테이블, 에어컨, 미니바, 욕실용품",1
32,9,온돌,,3,2,2,15:00,11:00,167400,167400,469300,469300,"숙박 | 체크인 15:00 - 체크아웃 11:00%%2인 기준 최대 2인%%침구세트 1개%%객실+욕실 / 10평%%취소,변경,환불 불가 상품","침구류, TV, 테이블, 에어컨, 미니바, 욕실용품",1
33,10,스튜디오,일반,4,2,2,16:00,11:00,84900,84900,,,숙박 | 체크인 16:00 - 체크아웃 11:00%%2인 기준 최대 2인%%퀸침대 1개%%객실+욕실 / 7평,"주방, TV, 커피포트, 드럼세탁기, 건조기, 에어컨, 냉장고, 전자레인지, 조리도구, 드라이기, 욕실용품, 수건, 개별테라스",1
34,10,스튜디오,시티오션,4,2,2,16:00,11:00,350000,350000,,,숙박 | 체크인 16:00 - 체크아웃 11:00%%2인 기준 최대 2인%%퀸침대 1개%%객실+욕실 / 7평%%베드타입 : 퀸베드 1개,"주방, TV, 커피포트, 드럼세탁기, 건조기, 에어컨, 냉장고, 전자레인지, 조리도구, 드라이기, 욕실용품, 수건, 개별테라스",1
35,10,스튜디오,레이크오션,5,2,2,16:00,11:00,360000,360000,,,숙박 | 체크인 16:00 - 체크아웃 11:00%%2인 기준 최대 2인%%퀸침대 1개%%객실+욕실%%고층 배정 (12~20층) / 베드타입 : 퀸베드 1개,"주방, TV, 커피포트, 드럼세탁기, 건조기, 에어컨, 냉장고, 전자레인지, 조리도구, 드라이기, 욕실용품, 수건, 개별테라스",1
36,10,스튜디오,W,3,2,2,16:00,11:00,370000,370000,,,숙박 | 체크인 16:00 - 체크아웃 11:00%%2인 기준 최대 2인%%퀸침대 1개%%객실+거실+욕실 / 9평%%베드타입 : 퀸베드 1개,"주방, TV, 커피포트, 드럼세탁기, 건조기, 에어컨, 냉장고, 전자레인지, 조리도구, 드라이기, 욕실용품, 수건, 개별테라스",1
37,10,스튜디오,풀오션,3,2,2,16:00,11:00,390000,390000,,,숙박 | 체크인 16:00 - 체크아웃 11:00%%2인 기준 최대 2인%%퀸침대 1개%%객실+욕실 / 8평%%베드타입 : 퀸베드 1개,"주방, TV, 커피포트, 드럼세탁기, 건조기, 에어컨, 냉장고, 전자레인지, 조리도구, 드라이기, 욕실용품, 수건, 개별테라스",1
38,10,스튜디오,패밀리,2,3,4,16:00,11:00,400000,400000,,,"숙박 | 체크인 16:00 - 체크아웃 11:00%%3인 기준 최대 3인%%싱글침대 1개, 더블침대 1개%%객실+욕실%%침대구성:퀸베드1개+슈퍼싱글베드1개 / 해당 이미지와 객실 전망은 상이할 수 있습니다 (6~8층)","주방, TV, 커피포트, 드럼세탁기, 건조기, 에어컨, 냉장고, 전자레인지, 조리도구, 드라이기, 욕실용품, 수건, 개별테라스",1
39,11,슈페리어 더블,마운틴,4,2,2,15:00,11:00,80000,80000,,,숙박 | 체크인 15:00 - 체크아웃 11:00%%2인 기준 최대 2인%%더블침대 1개%%객실+욕실 / 9평%%추가패키지 : 웰컴드링크 2잔,"TV, 사무용책상, 의자, 개인금고, 커피포트, 옷장, 옷걸이, 스탠드, 독서등, 에어컨, 냉장고, 비데, 욕실용품, 목욕가운, 타월, 슬리퍼, 헤어드라이기",1
40,11,디럭스 더블,오션,4,2,2,15:00,11:00,90000,90000,,,숙박 | 체크인 15:00 - 체크아웃 11:00%%2인 기준 최대 2인%%더블침대 1개%%객실+욕실 / 9평%%추가패키지 : 웰컴드링크 2잔,"TV, 사무용책상, 의자, 개인금고, 커피포트, 옷장, 옷걸이, 스탠드, 독서등, 에어컨, 냉장고, 비데, 욕실용품, 목욕가운, 타월, 슬리퍼, 헤어드라이기",1
41,11,글램핑룸,수영패키지,4,4,4,15:00,11:00,600000,600000,,,숙박 | 체크인 15:00 - 체크아웃 11:00%%4인 기준 최대 4인%%침실+욕실%%더블베드1+2층침대1 / 외부음식 반입 불가 / 애완동물 동반 금지%%추가패키지 : 수영장 입장권 4인,"LED 43인치 TV, 에어컨, 냉장고, 사무용책상, 의자 , 전화기, 개인금고, 커피포트, 이중커튼, 옷장, 옷걸이, 슬리퍼, 스텐드, 독서등, 멀티콘센트",1
42,11,프리미어 더블,풀오션,4,2,2,15:00,11:00,120000,120000,,,숙박 | 체크인 15:00 - 체크아웃 11:00%%2인 기준 최대 2인%%객실+욕실 / 9평%%추가패키지 : 웰컴드링크 2잔,"TV, 사무용책상, 의자, 개인금고, 커피포트, 옷장, 옷걸이, 스탠드, 독서등, 에어컨, 냉장고, 비데, 욕실용품, 목욕가운, 타월, 슬리퍼, 헤어드라이기",1
43,11,프리미어 패밀리,풀오션,4,3,4,15:00,12:00,140000,140000,,,"숙박 | 체크인 15:00 - 체크아웃 12:00%%3인 기준 최대 4인 (유료)%%인원 추가시 비용이 발생되며, 현장에서 결제 바랍니다.%%싱글침대 2개, 더블침대 1개%%객실+욕실 / 10평%%추가패키지 : 요트 1인 증정(주간/노을) /  7~8월 투숙 시 조식&수영장 1인 제공 / BBQ 1만원 바우처","TV, 사무용책상, 의자, 개인금고, 커피포트, 옷장, 옷걸이, 스탠드, 독서등, 에어컨, 냉장고, 비데, 욕실용품, 목욕가운, 타월, 슬리퍼, 헤어드라이기",1
44,12,디럭스 더블,,2,2,3,15:00,11:00,550000,550000,,,"숙박 | 체크인 15:00 - 체크아웃 11:00%%2인 기준 최대 3인 (유료)%%인원 추가시 비용이 발생되며, 현장에서 결제 바랍니다.%%더블침대 1개",,1
45,12,디럭스 패밀리트윈,,4,2,3,15:00,11:00,550000,550000,,,"숙박 | 체크인 15:00 - 체크아웃 11:00%%2인 기준 최대 3인 (유료)%%인원 추가시 비용이 발생되며, 현장에서 결제 바랍니다.%%싱글침대 1개, 더블침대 1개",,1
46,12,패밀리 트윈,,3,2,3,15:00,11:00,500000,500000,,,"숙박 | 체크인 15:00 - 체크아웃 11:00%%2인 기준 최대 3인 (유료)%%인원 추가시 비용이 발생되며, 현장에서 결제 바랍니다.%%싱글침대 1개, 더블침대 1개%%객실+욕실 / 10평","TV, 티테이블, 전화기, 스탠드, 욕실용품",1
47,12,패밀리 온돌,,2,2,4,15:00,11:00,500000,500000,,,"숙박 | 체크인 15:00 - 체크아웃 11:00%%2인 기준 최대 4인 (유료)%%인원 추가시 비용이 발생되며, 현장에서 결제 바랍니다.%%침구세트 1개%%객실+욕실 / 9.98평%%침구 1인용 4채 셋팅(침구추가시22,000원) / 창문 없음","TV, 티테이블, 전화기, 스탠드, 욕실용품",1
48,13,스탠다드,더블,6,2,2,15:00,12:00,250000,250000,,,숙박 | 체크인 15:00 - 체크아웃 12:00%%2인 기준 최대 2인%%더블침대 1개%%객실+욕실 / 8평,"개인금고, 소파, TV, 에어컨, 냉장고, 티테이블, 미니바, 샤워시설 또는 욕조, 전기포트, 헤어드라이기, 욕실용품, 슬리퍼, 목욕가운",1
49,13,스탠다드,패밀리 트윈,6,2,3,15:00,12:00,380000,380000,,,"숙박 | 체크인 15:00 - 체크아웃 12:00%%2인 기준 최대 3인%%싱글침대 1개, 더블침대 1개%%객실+욕실 / 9평","소파, TV, 냉장고, 개인금고, 무료 생수",1
50,14,테라스 스위트,투룸,6,4,6,16:00,11:00,105000,105000,,,숙박 | 체크인 16:00 - 체크아웃 11:00%%4인 기준 최대 6인%%더블침대 2개%%객실2+거실+욕실2 / 22평,"TV, 에어컨, 세탁기, 건조기, 스타일러, 냉장고, 커피포트, 티테이블, 옷장, 소파, 드라이기, 욕실용품",1
51,14,테라스 스위트,쓰리룸,5,6,8,16:00,11:00,155000,155000,,,"숙박 | 체크인 16:00 - 체크아웃 11:00%%6인 기준 최대 8인 (유료)%%인원 추가시 비용이 발생되며, 현장에서 결제 바랍니다.%%더블침대 2개, 침구세트 1개%%객실3(양실2+한실1)+주방+욕실 / 25평","2인용 침구 1채, 침대, 소파, TV, 식탁, 식탁의자, 냉장고, 정수기, 캡슐커피머신",1
52,15,가든더블룸,,5,2,2,15:00,11:00,55000,55000,,,숙박 | 체크인 15:00 - 체크아웃 11:00%%2인 기준 최대 2인%%객실+욕실 / 8평,"스마트TV, 냉장고, 에어컨, 조리도구, 드라이기, 욕실용품",1
53,15,테라스룸,,6,2,3,15:00,11:00,55000,55000,,,숙박 | 체크인 15:00 - 체크아웃 11:00%%2인 기준 최대 3인%%객실+욕실 / 10평,"스마트TV, 냉장고, 에어컨, 조리도구, 드라이기, 욕실용품",1
54,15,오션테라스룸,,4,2,3,15:00,11:00,70000,70000,,,"숙박 | 체크인 15:00 - 체크아웃 11:00%%2인 기준 최대 3인 (유료)%%인원 추가시 비용이 발생되며, 현장에서 결제 바랍니다.%%객실+욕실 / 10평","스마트TV, 냉장고, 에어컨, 조리도구, 드라이기, 욕실용품",1
55,15,오션스파룸,,3,2,4,15:00,11:00,80000,80000,,,"숙박 | 체크인 15:00 - 체크아웃 11:00%%2인 기준 최대 4인 (유료)%%인원 추가시 비용이 발생되며, 현장에서 결제 바랍니다.%%객실+욕실 / 16평","스마트TV, 냉장고, 에어컨, 조리도구, 드라이기, 욕실용품, 스파",1
56,15,패밀리룸,,3,4,6,15:00,11:00,120000,120000,,,"숙박 | 체크인 15:00 - 체크아웃 11:00%%4인 기준 최대 6인 (유료)%%인원 추가시 비용이 발생되며, 현장에서 결제 바랍니다.%%객실+욕실 / 16평","스마트TV, 냉장고, 에어컨, 조리도구, 드라이기, 욕실용품, 스파",1
57,16,스탠다드,커플,4,2,2,15:00,11:00,110000,110000,,,숙박 | 체크인 15:00 - 체크아웃 11:00%%2인 기준 최대 2인%%객실+욕실 / 8평%%취사불가/바비큐 그릴 대여 시 현장문의(루프탑 이용)/리조트동과 분리 (코지동 위치),"침구류, TV, 에어컨, 공기청정기, 냉장고, 커피포트, 드라이기, 어메니티",1
58,16,디럭스,커플,2,2,3,15:00,11:00,170000,170000,,,"숙박 | 체크인 15:00 - 체크아웃 11:00%%2인 기준 최대 3인 (유료)%%인원 추가시 비용이 발생되며, 현장에서 결제 바랍니다.%%객실+욕실 / 17평%%바비큐 그릴 대여 시 현장 사전문의","침구류, TV, 에어컨, 공기청정기, 옷장, 티테이블, 전자레인지, 밥솥, 인덕션, 드라이기, 매직기, 어메니티, 슬리퍼, 욕실용품",1
59,16,디럭스,패밀리,5,3,4,15:00,11:00,200000,200000,,,"숙박 | 체크인 15:00 - 체크아웃 11:00%%3인 기준 최대 4인 (유료)%%인원 추가시 비용이 발생되며, 현장에서 결제 바랍니다.%%객실+욕실 / 19평%%바비큐 그릴 대여 시 현장 사전문의","침구류, TV, 에어컨, 공기청정기, 옷장, 티테이블, 전자레인지, 밥솥, 인덕션, 드라이기, 매직기, 어메니티, 슬리퍼, 욕실용품",1
60,16,슈페리어,패밀리,4,4,6,15:00,11:00,250000,250000,,,"숙박 | 체크인 15:00 - 체크아웃 11:00%%4인 기준 최대 6인 (유료)%%인원 추가시 비용이 발생되며, 현장에서 결제 바랍니다.%%객실+욕실 / 20평%%바비큐그릴 대여 현장 사전문의","침구류, TV, 에어컨, 공기청정기, 옷장, 티테이블, 전자레인지, 밥솥, 인덕션, 드라이기, 매직기, 어메니티, 슬리퍼, 욕실용품",1
61,16,이그제큐티브,자쿠지,3,6,8,15:00,11:00,400000,400000,,,"숙박 | 체크인 15:00 - 체크아웃 11:00%%6인 기준 최대 8인 (유료)%%인원 추가시 비용이 발생되며, 현장에서 결제 바랍니다.%%객실2+거실+욕실2 / 40평%%바비큐 그릴 대여 시 사전 문의","침구류, TV, 에어컨, 공기청정기, 옷장, 티테이블, 전자레인지, 밥솥, 인덕션, 드라이기, 매직기, 어메니티, 슬리퍼, 욕실용품",1
62,16,이그제큐티브,풀빌라,2,7,9,15:00,11:00,500000,500000,,,"숙박 | 체크인 15:00 - 체크아웃 11:00%%7인 기준 최대 9인 (유료)%%인원 추가시 비용이 발생되며, 현장에서 결제 바랍니다.%%객실2+거실+욕실2 / 40평%%바비큐그릴 대여 현장 사전문의","침구류, TV, 에어컨, 공기청정기, 옷장, 티테이블, 전자레인지, 밥솥, 인덕션, 드라이기, 매직기, 어메니티, 슬리퍼, 욕실용품",1
63,16,VIP 프라이빗 스위트,,2,8,11,15:00,11:00,600000,600000,,,"숙박 | 체크인 15:00 - 체크아웃 11:00%%8인 기준 최대 11인 (유료)%%인원 추가시 비용이 발생되며, 현장에서 결제 바랍니다.%%객실3+거실+욕실2 / 50평%%바비큐그릴 대여 현장 사전문의","침구류, TV, 에어컨, 공기청정기, 옷장, 티테이블, 전자레인지, 밥솥, 인덕션, 드라이기, 매직기, 어메니티, 슬리퍼, 욕실용품",1
64,16,프리미엄 스위트,,2,8,11,15:00,11:00,600000,600000,,,"숙박 | 체크인 15:00 - 체크아웃 11:00%%8인 기준 최대 11인 (유료)%%인원 추가시 비용이 발생되며, 현장에서 결제 바랍니다.%%객실3+거실+욕실2%%바비큐그릴 대여 현장 사전문의","침구류, TV, 에어컨, 공기청정기, 옷장, 티테이블, 전자레인지, 밥솥, 인덕션, 드라이기",1
65,17,스탠다드,A,4,2,2,15:00,11:00,100000,100000,150000,150000,"숙박 | 체크인 15:00 - 체크아웃 11:00%%2인 기준 최대 2인%%객실+욕실 / 10평%%숙소 이벤트 : 리뷰이벤트%%리뷰 이벤트 중, 자세한 사항은 홈페이지 공지사항 필독/최대인원 넘는 초과인원 문의는 홈페이지 공지사항 참고","개별바비큐, 침대, 에어컨, TV, 취사시설, 식탁, 냉장고, 커피포트, 전기밥솥, 취사도구, 욕실용품",1
66,17,스탠다드,B,4,2,2,15:00,11:00,75000,75000,130000,130000,"숙박 | 체크인 15:00 - 체크아웃 11:00%%2인 기준 최대 2인%%객실+욕실 / 10평%%숙소 이벤트 : 리뷰이벤트%%리뷰 이벤트 중, 자세한 사항은 홈페이지 공지사항 필독/최대인원 넘는 초과인원 문의는 홈페이지 공지사항 참고","개별바비큐, 침대, 에어컨, TV, 취사시설, 식탁, 냉장고, 커피포트, 전기밥솥, 취사도구, 욕실용품",1
67,17,오션 스위트,A,4,2,4,15:00,11:00,120000,120000,170000,170000,"숙박 | 체크인 15:00 - 체크아웃 11:00%%2인 기준 최대 4인 (유료)%%인원 추가시 비용이 발생되며, 현장에서 결제 바랍니다.%%객실+거실+욕실 / 15평%%숙소 이벤트 : 리뷰이벤트%%리뷰 이벤트 중, 자세한 사항은 홈페이지 공지사항 필독/최대인원 넘는 초과인원 문의는 홈페이지 공지사항 참고","개별바비큐, 침대, 에어컨, TV, 취사시설, 식탁, 냉장고, 커피포트, 전기밥솥, 취사도구, 욕실용품",1
68,17,오션 스위트,B,4,2,4,15:00,11:00,100000,100000,1500000,1500000,"숙박 | 체크인 15:00 - 체크아웃 11:00%%2인 기준 최대 4인 (유료)%%인원 추가시 비용이 발생되며, 현장에서 결제 바랍니다.%%객실+거실+욕실 / 15평%%숙소 이벤트 : 리뷰이벤트%%리뷰 이벤트 중, 자세한 사항은 홈페이지 공지사항 필독/최대인원 넘는 초과인원 문의는 홈페이지 공지사항 참고","개별바비큐, 침대, 에어컨, TV, 취사시설, 식탁, 냉장고, 커피포트, 전기밥솥, 취사도구, 욕실용품",1
69,17,더블 스위트,,3,4,6,15:00,11:00,150000,150000,210000,210000,"숙박 | 체크인 15:00 - 체크아웃 11:00%%4인 기준 최대 6인 (유료)%%인원 추가시 비용이 발생되며, 현장에서 결제 바랍니다.%%퀸침대 3개%%복층형 (객실+거실) / 20평%%숙소 이벤트 : 리뷰이벤트%%리뷰 이벤트 중, 자세한 사항은 홈페이지 공지사항 필독/최대인원 넘는 초과인원 문의는 홈페이지 공지사항 참고","개별바비큐, 침대, 에어컨, TV, 취사시설, 식탁, 냉장고, 커피포트, 전기밥솥, 취사도구, 욕실용품",1
70,17,패밀리 스위트,,2,6,10,15:00,11:00,220000,220000,280000,280000,"숙박 | 체크인 15:00 - 체크아웃 11:00%%6인 기준 최대 10인 (유료)%%인원 추가시 비용이 발생되며, 현장에서 결제 바랍니다.%%객실2+거실+욕실2 / 30평%%숙소 이벤트 : 리뷰이벤트%%리뷰 이벤트 중, 자세한 사항은 홈페이지 공지사항 필독/최대인원 넘는 초과인원 문의는 홈페이지 공지사항 참고","개별바비큐, 침대, 에어컨, TV, 취사시설, 식탁, 냉장고, 커피포트, 전기밥솥, 취사도구, 욕실용품",1
71,18,101호,,1,3,5,15:00,11:00,210000,210000,,,"숙박 | 체크인 15:00 - 체크아웃 11:00%%3인 기준 최대 5인 (유료)%%인원 추가시 비용이 발생되며, 현장에서 결제 바랍니다.%%객실2+거실+욕실3 / 45평","침구류, TV, 에어컨, 식탁, 냉장고, 가스레인지, 인덕션, 전기밥솥, 전자레인지, 취사도구, 커피포트, 드라이기, 타월, 욕실용품, 비데, 월풀스파",1
72,18,102호,,1,3,5,15:00,11:00,210000,210000,,,"숙박 | 체크인 15:00 - 체크아웃 11:00%%3인 기준 최대 5인 (유료)%%인원 추가시 비용이 발생되며, 현장에서 결제 바랍니다.%%객실2+거실+욕실3 / 45평","침구류, TV, 에어컨, 식탁, 냉장고, 가스레인지, 인덕션, 전기밥솥, 전자레인지, 취사도구, 커피포트, 드라이기, 타월, 욕실용품, 비데, 월풀스파",1
73,18,201호,,1,2,4,15:00,11:00,190000,190000,,,"숙박 | 체크인 15:00 - 체크아웃 11:00%%2인 기준 최대 4인 (유료)%%인원 추가시 비용이 발생되며, 현장에서 결제 바랍니다.%%객실+욕실 / 37평","침구류, TV, 에어컨, 식탁, 가스레인지, 인덕션, 전기밥솥, 전자레인지, 취사도구, 커피포트, 드라이기, 타월, 욕실용품, 비데, 월풀스파",1
74,18,202호,,1,2,4,15:00,11:00,190000,190000,,,"숙박 | 체크인 15:00 - 체크아웃 11:00%%2인 기준 최대 4인 (유료)%%인원 추가시 비용이 발생되며, 현장에서 결제 바랍니다.%%객실+욕실 / 37평","침구류, TV, 에어컨, 식탁, 가스레인지, 인덕션, 전기밥솥, 전자레인지, 취사도구, 커피포트, 드라이기, 타월, 욕실용품, 비데, 월풀스파",1
75,18,301호,,1,2,3,15:00,11:00,79000,79000,,,"숙박 | 체크인 15:00 - 체크아웃 11:00%%2인 기준 최대 3인 (유료)%%인원 추가시 비용이 발생되며, 현장에서 결제 바랍니다.%%객실+욕실 / 29평","침구류, TV, 에어컨, 식탁, 냉장고, 가스레인지, 인덕션, 전기밥솥, 전자레인지, 취사도구, 커피포트, 드라이기, 타월, 욕실용품, 비데, 월풀스파",1
76,18,302호,,1,2,3,15:00,11:00,79000,79000,,,"숙박 | 체크인 15:00 - 체크아웃 11:00%%2인 기준 최대 3인 (유료)%%인원 추가시 비용이 발생되며, 현장에서 결제 바랍니다.%%객실+욕실 / 29평","침구류, TV, 에어컨, 식탁, 냉장고, 가스레인지, 인덕션, 전기밥솥, 전자레인지, 취사도구, 커피포트, 드라이기, 타월, 욕실용품, 비데, 월풀스파",1
77,18,401호,,1,2,2,15:00,11:00,75000,75000,,,숙박 | 체크인 15:00 - 체크아웃 11:00%%2인 기준 최대 2인%%객실+욕실 / 19평,"침구류, TV, 에어컨, 식탁, 냉장고, 가스레인지, 인덕션, 전기밥솥, 전자레인지, 취사도구, 커피포트, 드라이기, 타월, 욕실용품, 비데, 월풀스파",1
78,18,402호,,1,2,2,15:00,11:00,75000,75000,,,숙박 | 체크인 15:00 - 체크아웃 11:00%%2인 기준 최대 2인%%객실+욕실 / 19평,"침구류, TV, 에어컨, 식탁, 냉장고, 가스레인지, 인덕션, 전기밥솥, 전자레인지, 취사도구, 커피포트, 드라이기, 타월, 욕실용품, 비데, 월풀스파",1
79,18,501호,,1,2,3,15:00,11:00,85000,85000,,,"숙박 | 체크인 15:00 - 체크아웃 11:00%%2인 기준 최대 3인 (유료)%%인원 추가시 비용이 발생되며, 현장에서 결제 바랍니다.%%객실+거실+욕실 / 25평","침구류, TV, 에어컨, 식탁, 냉장고, 가스레인지, 인덕션, 전기밥솥, 전자레인지, 취사도구, 커피포트, 드라이기, 타월, 욕실용품, 비데, 월풀스파",1
80,18,502호,,1,2,3,15:00,11:00,85000,85000,,,"숙박 | 체크인 15:00 - 체크아웃 11:00%%2인 기준 최대 3인 (유료)%%인원 추가시 비용이 발생되며, 현장에서 결제 바랍니다.%%객실+거실+욕실 / 25평","침구류, TV, 에어컨, 식탁, 냉장고, 가스레인지, 인덕션, 전기밥솥, 전자레인지, 취사도구, 커피포트, 드라이기, 타월, 욕실용품, 비데, 월풀스파",1
81,19,펜텔,,4,2,3,15:00,11:00,69000,69000,,,"숙박 | 체크인 15:00 - 체크아웃 11:00%%2인 기준 최대 3인 (유료)%%인원 추가시 비용이 발생되며, 현장에서 결제 바랍니다.%%객실+욕실 / 8평","침구류, TV, 에어컨, 냉장고, 드라이기, 치약, 바디워시, 린스, 샴푸, 타월, 테라스",1
82,19,펜션,룸,4,2,4,15:00,11:00,89000,89000,,,"숙박 | 체크인 15:00 - 체크아웃 11:00%%2인 기준 최대 4인 (유료)%%인원 추가시 비용이 발생되며, 현장에서 결제 바랍니다.%%객실+욕실 / 14평","침구류, TV, 에어컨, 냉장고, 기본양념, 인덕션, 정수기, 전자레인지, 전기밥솥, 취사도구, 드라이기, 치약, 바디워시, 린스, 샴푸, 타월, 비데, 테라스",1
83,19,펜션,베네치아,1,4,8,15:00,11:00,119000,119000,,,"숙박 | 체크인 15:00 - 체크아웃 11:00%%4인 기준 최대 8인 (유료)%%인원 추가시 비용이 발생되며, 현장에서 결제 바랍니다.%%객실+욕실 / 17평","침구류, TV, 에어컨, 냉장고, 기본양념, 인덕션, 정수기, 전자레인지, 전기밥솥, 취사도구, 드라이기, 치약, 바디워시, 린스, 샴푸, 타월, 비데, 테라스",1
84,19,펜션,시칠리아,1,4,8,15:00,11:00,119000,119000,,,"숙박 | 체크인 15:00 - 체크아웃 11:00%%4인 기준 최대 8인 (유료)%%인원 추가시 비용이 발생되며, 현장에서 결제 바랍니다.%%객실+욕실 / 17평","침구류, TV, 에어컨, 냉장고, 기본양념, 인덕션, 정수기, 전자레인지, 전기밥솥, 취사도구, 드라이기, 치약, 바디워시, 린스, 샴푸, 타월, 비데, 테라스",1
85,19,펜션,할리데이,1,4,10,15:00,11:00,209000,209000,,,"숙박 | 체크인 15:00 - 체크아웃 11:00%%4인 기준 최대 10인 (유료)%%인원 추가시 비용이 발생되며, 현장에서 결제 바랍니다.%%객실+거실+욕실2 / 22평","침구류, TV, 에어컨, 냉장고, 기본양념, 인덕션, 정수기, 전자레인지, 전기밥솥, 취사도구, 드라이기, 치약, 바디워시, 린스, 샴푸, 타월, 비데, 테라스",1
86,19,펜션,타이타닉,1,6,12,15:00,11:00,239000,239000,,,"숙박 | 체크인 15:00 - 체크아웃 11:00%%6인 기준 최대 12인 (유료)%%인원 추가시 비용이 발생되며, 현장에서 결제 바랍니다.%%객실2+거실+욕실2 / 28평","침구류, TV, 에어컨, 냉장고, 기본양념, 인덕션, 정수기, 전자레인지, 전기밥솥, 취사도구, 드라이기, 치약, 바디워시, 린스, 샴푸, 타월, 비데, 테라스",1
87,20,비즈니스 디럭스 더블 퀸,,4,2,3,15:00,11:00,308000,308000,,,"숙박 | 체크인 15:00 - 체크아웃 11:00%%2인 기준 최대 3인 (유료)%%인원 추가시 비용이 발생되며, 현장에서 결제 바랍니다.%%킹침대 1개%%객실+욕실 / 13평","TV, 에어컨, 태블릿, 금고, 옷장, 미니바, 커피머신, 커피포트, 드라이기, 비데, 욕실용품, 샤워가운, 슬리퍼, 욕조",1
88,20,비즈니스 디럭스 더블 퀸,(전망없음),4,2,3,15:00,11:00,297000,297000,,,"숙박 | 체크인 15:00 - 체크아웃 11:00%%2인 기준 최대 3인 (유료)%%인원 추가시 비용이 발생되며, 현장에서 결제 바랍니다.%%킹침대 1개%%객실+욕실 / 13평%%*해당 객실은 전망이 없는 객실입니다","TV, 에어컨, 태블릿, 금고, 옷장, 미니바, 커피머신, 커피포트, 드라이기, 비데, 욕실용품, 샤워가운, 슬리퍼, 욕조",1
89,20,비즈니스 디럭스 킹,,4,2,3,15:00,11:00,308000,308000,,,"숙박 | 체크인 15:00 - 체크아웃 11:00%%2인 기준 최대 3인 (유료)%%인원 추가시 비용이 발생되며, 현장에서 결제 바랍니다.%%킹침대 1개%%객실+욕실 / 13평","TV, 에어컨, 태블릿, 금고, 옷장, 미니바, 커피머신, 커피포트, 드라이기, 비데, 욕실용품, 샤워가운, 슬리퍼, 욕조",1
90,20,비즈니스 디럭스 킹,(전망없음),4,2,3,15:00,11:00,297000,297000,,,"숙박 | 체크인 15:00 - 체크아웃 11:00%%2인 기준 최대 3인 (유료)%%인원 추가시 비용이 발생되며, 현장에서 결제 바랍니다.%%킹침대 1개%%객실+욕실 / 13평%%해당 객실은 전망이 없는 객실입니다","TV, 에어컨, 태블릿, 금고, 옷장, 미니바, 커피머신, 커피포트, 드라이기, 비데, 욕실용품, 샤워가운, 슬리퍼, 욕조",1
91,20,포레스트타워 레이크 디럭스 더블퀸,,2,2,3,15:00,11:00,341000,341000,,,"숙박 | 체크인 15:00 - 체크아웃 11:00%%2인 기준 최대 3인 (유료)%%인원 추가시 비용이 발생되며, 현장에서 결제 바랍니다.%%퀸침대 2개%%객실+욕실 / 13평","TV, 에어컨, 태블릿, 금고, 옷장, 미니바, 커피머신, 커피포트, 드라이기, 비데, 욕실용품, 샤워가운, 슬리퍼, 욕조",1
92,20,선타워 선 스위트,,2,2,3,15:00,11:00,638000,638000,,,"숙박 | 체크인 15:00 - 체크아웃 11:00%%2인 기준 최대 3인 (유료)%%인원 추가시 비용이 발생되며, 현장에서 결제 바랍니다.%%킹침대 1개%%객실+거실+욕실 / 40평","TV, 에어컨, 태블릿, 금고, 옷장, 미니바, 커피머신, 커피포트, 드라이기, 비데, 욕실용품, 샤워가운, 슬리퍼, 욕조",1
93,21,슈페리어,킹,5,2,3,15:00,11:00,191400,191400,,,"숙박 | 체크인 15:00 - 체크아웃 11:00%%2인 기준 최대 3인%%킹침대 1개%%객실+욕실%%기준 2인, 최대 성인 2인+만 12세 이하 어린이 1인 / 침대 추가 불가","침대, TV, 미니냉장고, 전기포트, 에어컨, 전화기, 다리미/판, 목욕가운, 욕실용품, 헤어드라이기",1
94,21,슈페리어,트윈,5,2,3,15:00,11:00,191400,191400,,,"숙박 | 체크인 15:00 - 체크아웃 11:00%%2인 기준 최대 3인%%싱글침대 2개%%객실+욕실%%기준 2인, 최대 성인 2인+만 12세 이하 어린이 1인 / 침대 추가 불가","침대, TV, 미니냉장고, 전기포트, 에어컨, 전화기, 다리미/판, 목욕가운, 욕실용품, 헤어드라이기",1
95,21,디럭스,킹,5,2,4,15:00,11:00,239250,239250,,,"숙박 | 체크인 15:00 - 체크아웃 11:00%%2인 기준 최대 4인 (유료)%%인원 추가시 비용이 발생되며, 현장에서 결제 바랍니다.%%킹침대 1개%%객실+욕실%%기준 2인,최대 성인2인+만12세이하 소인1인(침대추가 가능시 성인3인+만12세이하 소인1인/침대추가 유료)","침대, TV, 미니냉장고, 전기포트, 에어컨, 전화기, 다리미/판, 목욕가운, 욕실용품, 헤어드라이기, 욕조",1
96,21,디럭스,패밀리 트윈,5,2,4,15:00,11:00,267960,267960,,,"숙박 | 체크인 15:00 - 체크아웃 11:00%%2인 기준 최대 4인%%싱글침대 1개, 킹침대 1개%%객실+욕실%%기준 2인, 최대 성인 3인+만 12세 이하 어린이 1인 / 침대 추가 불가","침대, TV, 미니냉장고, 전기포트, 에어컨, 전화기, 다리미/판, 목욕가운, 욕실용품, 헤어드라이기, 욕조",1
97,21,주니어 스위트,,3,2,3,15:00,11:00,306240,306240,,,"숙박 | 체크인 15:00 - 체크아웃 11:00%%2인 기준 최대 3인%%킹침대 1개%%객실+거실+욕실 / 16.33평%%기준 2인, 최대 성인 2인+만 12세 이하 어린이 1인 / 침대 추가 불가","침대, 소파, 테이블, TV 2대, 욕조, 네스프레소 커피머신",1
98,21,커넥팅룸,,2,4,5,15:00,11:00,366300,366300,,,"숙박 | 체크인 15:00 - 체크아웃 11:00%%4인 기준 최대 5인%%싱글침대 2개, 킹침대 1개%%객실2+욕실2 / 16평%%2개 객실이 연결된 객실입니다 / 기준 4인+ 만12세 이하 어린이 1인","TV, 미니냉장고, 전기포트, 에어컨, 전화기, 목욕가운, 욕실용품, 헤어드라이기",1
99,22,5월의 방,,1,1,2,15:00,11:00,49000,49000,,,"숙박 | 체크인 15:00 - 체크아웃 11:00%%개인실%%기준 1인 최대 2인%%기준인원 외 인원 추가 시 비용이 발생할 수 있으며, 현장 결제하시기 바랍니다.(1인 추가가격 : 20,000원)%%소소한 한옥_ 5월의 방%%: 혼자 여행하는 싱글 여행자가 조용히 쉬어갈수 있는 공간이예요","비치 물품 : 한실이불,수건,비누,치약,칫솔,가그린,샴푸,린스,바디워시,헤어드라이기,냉장고,에어컨,티비 ,개별화장실%%조식 : 토스트,수제청,커피",1
100,22,6월의 방,,1,2,2,15:00,11:00,59000,59000,,,숙박 | 체크인 15:00 - 체크아웃 11:00%%개인실%%기준 2인 최대 2인%%소소한 한옥_ 6월의 방,"비치 물품 : 한실이불,수건,비누,치약,칫솔,가그린,샴푸,린스,바디워시,헤어드라이기,냉장고,에어컨,티비,개별화장실%%조식 : 토스트,수제청,커피",1
101,22,10월의 방,,1,2,2,15:00,11:00,65000,65000,,,숙박 | 체크인 15:00 - 체크아웃 11:00%%개인실%%기준 2인 최대 2인%%소소한 한옥_ 10월의 방%%: 연인한테 추천드리는 공간 입니다.,"비치 물품 : 한실이불,수건,비누,치약,칫솔,가그린,샴푸,린스,바디워시,헤어드라이기,냉장고,에어컨,티비,개별화장실%%조식 : 토스트,수제청,커피",1
102,22,3월의 방,,1,2,2,15:00,11:00,72000,72000,,,숙박 | 체크인 15:00 - 체크아웃 11:00%%개인실%%기준 2인 최대 2인%%소소한 한옥_3월의 방%%: 쪽마루쪽과 연결되어 독립적이고 커다란 창문을 통해 아담한 화단을 볼수 있는 공간 이예요,"비치 물품 : 한실이불,수건,비누,치약,칫솔,가그린,샴푸,린스,바디워시,헤어드라이기,냉장고,에어컨,티비,개별화장실%%조식 : 토스트,수제청,커피",1
103,22,2월의 방,(별채),1,2,2,15:00,11:00,75000,75000,,,"숙박 | 체크인 15:00 - 체크아웃 11:00%%콘도형%%기준 2인 최대 2인%%소소한 한옥_ 2월의 방%%: 별채로 되어 있어 프라이빗한 공간이예요%%: 연인,친구분들께 추천 드려요%%: 방은 편백나무로 이루어져 있으며 편백의 향이 느껴지는 공간 이고 마루에 미니 다과상과 방석이 준비 되어 있어요%%: 소소한 이야기를 나누시면서 조명뷰,마당뷰를 느껴 보세요","비치 물품 : 한실이불,수건,비누,치약,칫솔,가그린,샴푸,린스,바디워시,헤어드라이기,냉장고,에어컨,티비,개별화장실%%조식 : 토스트,수제청,커피",1
104,23,더블룸,,3,2,2,15:00,11:00,60000,60000,,,"숙박 | 체크인 15:00 - 체크아웃 11:00%%개인실%%기준 2인 최대 2인%%더블베드 1개%%객실내 개인 화장실%%인원추가불가%%미성년고객, 주차가 필요한 고객님께서는 게스트하우스에 미리 연락바랍니다%%(미성년고객의 경우, 혼숙은 불가합니다)","샴푸, 린스, 바디워시, 헤어드라이기, 수건, TV, 에어컨, 미니냉장고",1
105,23,트윈룸,,3,2,2,15:00,11:00,65000,65000,,,"숙박 | 체크인 15:00 - 체크아웃 11:00%%개인실%%기준 2인 최대 2인%%싱글베드 2개%%객실내 개인 화장실%%인원추가불가%%미성년고객과 주차가 필요한 고객님께서는 게스트하우스에 미리 연락바랍니다%%(미성년고객의 경우, 혼숙은 불가합니다)","샴푸, 린스, 바디워시, 헤어드라이기, 수건, TV, 에어컨, 미니냉장고",1
106,23,트리플룸,,3,3,3,15:00,11:00,100000,100000,,,"숙박 | 체크인 15:00 - 체크아웃 11:00%%개인실%%기준 3인 최대 3인%%선호하는 객실 미선택 시 객실은 랜덤 배정%%(선호하는 룸타입이 있으시다면 게스트하우스로 연락바랍니다)%%객실 내 개별 화장실%%인원추가 X (3세미만 유아 제외, 꼭 업체에 전화하여 미리 알려주시기 바랍니다)%%>>인원추가 불가합니다%%미성년고객과 주차가 필요한 고객님께서는 게스트하우스에 미리 연락바랍니다%%(미성년자 고객님은 혼숙이 불가합니다)","샴푸, 린스, 바디워시, 헤어드라이기, 수건, TV, 에어컨, 미니냉장고",1
107,23,패밀리룸,4인,2,4,4,15:00,11:00,140000,140000,,,"숙박 | 체크인 15:00 - 체크아웃 11:00%%개인실%%기준 4인 최대 4인%%선호하는 객실 미선택 시 객실은 랜덤 배정%%(선호하는 룸타입이 있으시다면 게스트하우스로 연락바랍니다)%%객실 내 개별 화장실%%인원추가 X (3세미만 유아 제외, 꼭 업체에 전화하여 미리 알려주시기 바랍니다)%%>>인원추가 불가합니다%%미성년고객과 주차가 필요한 고객님께서는 게스트하우스에 미리 연락바랍니다%%(미성년자 고객님은 혼숙이 불가합니다)","샴푸, 린스, 바디워시, 헤어드라이기, 수건, TV, 에어컨, 미니냉장고",1
108,23,패밀리룸,6인,2,6,6,15:00,11:00,180000,180000,,,숙박 | 체크인 15:00 - 체크아웃 11:00%%개인실%%기준 6인 최대 6인%%객실 내 화장실%%인원추가 불가합니다(3세미만 유아 제외)%%미성년고객과 주차가 필요한 고객님께서는 게스트하우스에 미리 연락바랍니다%%(미성년 고객의 경우 남녀 혼숙 불가),"샴푸, 린스, 바디워시, 헤어드라이기, 수건, TV, 에어컨, 미니냉장고",1
109,24,4인 도미토리,(별관),1,1,4,15:00,11:00,30000,30000,,,"숙박 | 체크인 15:00 - 체크아웃 11:00%%도미토리(혼성)%%기준 1인 정원 4인%%기준인원 외 인원 추가 시 비용이 발생할 수 있으며, 현장 결제하시기 바랍니다.%%서귀포 외돌개, 선녀탕 인근에 위치한 도미토리 객실입니다 (무료 세탁실구비)%%별관주소 : 제주특별자치도 서귀포시 남성로 117 (본관 도보 5~7분 거리)","TV(42inch 벽결이) + 시스템 에어컨 + 냉장고 + Free wifi%%드라이기 + 수건 + 옷걸이%%커피포트 + 컵 + 생수 + 겸용 샴푸,린스 + 바디워시%%로비 / 비지니스센터 / 세미나 시설 보유%%이층침대 2개%%객실 내 화장실 이용",1
110,24,스탠다드 더블,,3,2,2,15:00,11:00,60000,60000,,,"숙박 | 체크인 15:00 - 체크아웃 11:00%%개인실%%기준 2인 최대 2인%%서귀포 외돌개 방향 서귀포 칠십리공원 앞에 위치%%창밖으로 보이는 공원 뷰 , 서귀포 시티뷰 , 한라산 뷰 랜덤%%퀸침대 1개%%전용 화장실 이용%%전객실 오션뷰 / 금연건물","TV(42inch 벽결이) + 시스템 에어컨 + 냉장고 + Free wifi%%드라이기 + 수건 + 옷걸이%%커피포트 + 컵 + 생수 + 겸용 샴푸,린스 + 바디워시%%로비 / 비지니스센터 / 세미나 시설 보유%%도보 5분거리 CU 편의점 위치",1
111,24,오션뷰 트윈,,3,2,2,15:00,11:00,70000,70000,,,숙박 | 체크인 15:00 - 체크아웃 11:00%%개인실%%기준 2인 최대 2인%%서귀포 외돌개 방향 전객실 오션뷰 2층%%창밖으로 보이는 문섬과 황우지 선녀탕의 비경을 보실 수 있습니다%%싱글침대 2개%%전용 화장실 이용%%전객실 오션뷰 / 금연건물%%별관주소 : 제주특별자치도 서귀포시 남성로 117 (본관 도보 5~7분 거리),"TV(42inch 벽결이) + 시스템 에어컨 + 냉장고 + Free wifi%%드라이기 + 수건 + 옷걸이%%커피포트 + 컵 + 생수 + 겸용 샴푸,린스 + 바디워시%%로비 / 비지니스센터 / 세미나 시설 보유%%도보 5분거리 CU 편의점 위치",1
112,24,디럭스 더블,,3,3,3,15:00,11:00,80000,80000,,,"숙박 | 체크인 15:00 - 체크아웃 11:00%%개인실%%기준 3인 최대 3인%%서귀포 외돌개 방향 서귀포 칠십리공원 앞에 위치%%창밖으로 보이는 공원 뷰 , 서귀포 시티뷰 , 한라산 뷰 랜덤%%킹침대 1개+싱글침대 1개%%전용 화장실 이용%%전객실 오션뷰 / 금연건물%%별관주소 : 제주특별자치도 서귀포시 남성로 117 (본관 도보 5~7분 거리)","TV(42inch 벽결이) + 시스템 에어컨 + 냉장고 + Free wifi%%드라이기 + 수건 + 옷걸이%%커피포트 + 컵 + 생수 + 겸용 샴푸,린스 + 바디워시%%로비 / 비지니스센터 / 세미나 시설 보유%%도보 5분거리 CU 편의점 위치",1
113,24,슈페리어 더블트윈,,3,4,4,15:00,11:00,100000,100000,,,"숙박 | 체크인 15:00 - 체크아웃 11:00%%개인실%%기준 4인 최대 4인%%서귀포 외돌개 방향 서귀포 칠십리공원 앞에 위치%%창밖으로 보이는 공원 뷰 , 서귀포 시티뷰 , 한라산 뷰 랜덤%%퀸침대 2개%%전용 화장실 이용%%전객실 오션뷰 / 금연건물","TV(42inch 벽결이) + 시스템 에어컨 + 냉장고 + Free wifi%%드라이기 + 수건 + 옷걸이%%커피포트 + 컵 + 생수 + 겸용 샴푸,린스 + 바디워시%%로비 / 비지니스센터 / 세미나 시설 보유%%도보 5분거리 CU 편의점 위치",1
114,24,오션뷰 디럭스 복층,(별관),1,2,4,15:00,11:00,90000,90000,,,"숙박 | 체크인 15:00 - 체크아웃 11:00%%개인실%%기준 2인 최대 4인%%기준인원 외 인원 추가 시 비용이 발생할 수 있으며, 현장 결제하시기 바랍니다.(1인 추가가격 : 15,000원)%%서귀포 외돌개 방향 전객실 오션뷰%%창밖으로 보이는 문섬과 황우지 선녀탕의 비경을 보실 수 있습니다%%퀸침대 2개(층별 1개씩)%%전용 화장실 이용%%전객실 오션뷰 / 금연건물%%별관주소 : 제주특별자치도 서귀포시 남성로 117 (본관 도보 5~7분 거리)","TV(42inch 벽결이) + 시스템 에어컨 + 냉장고 + Free wifi%%드라이기 + 수건 + 옷걸이%%커피포트 + 컵 + 생수 + 겸용 샴푸,린스 + 바디워시%%로비 / 비지니스센터 / 세미나 시설 보유%%도보 5분거리 CU 편의점 위치",1
115,25,더블룸,,3,2,2,16:00,11:00,70000,70000,,,숙박 | 체크인 16:00 - 체크아웃 11:00%%개인실%%기준 2인 최대 2인%%퀸 침대 1개 + 인원에 맞는 침구류 제공%%객실 내 전용 화장실 이용%%침구류는 퇴실 후 즉시 교체 및 매일 소독 실시%%정원 외 인원 추가 시 업체 문의 필수(추가요금 발생)%%연박 이용객의 경우 세탁 서비스 제공(업체 문의),,1
116,25,트윈룸,,3,2,2,16:00,11:00,70000,70000,,,숙박 | 체크인 16:00 - 체크아웃 11:00%%개인실%%기준 2인 최대 2인%%싱글 침대 2개 + 인원에 맞는 침구류 제공%%객실 내 전용 화장실 이용%%침구류는 퇴실 후 즉시 교체 및 매일 소독 실시%%정원 외 인원 추가 시 업체 문의 필수(추가요금 발생)%%연박 이용객의 경우 세탁 서비스 제공(업체 문의),"TV, 에어컨, 선풍기, 스탠드%%드라이기, 수건, 욕실용품, 칫솔치약, 빗%%냉장고, 생수 2병, 음료",1
117,25,트리플룸,,4,3,3,16:00,11:00,100000,100000,,,숙박 | 체크인 16:00 - 체크아웃 11:00%%개인실%%기준 3인 최대 3인%%싱글 침대 3개 + 인원에 맞는 침구류 제공%%객실 내 전용 화장실 이용%%침구류는 퇴실 후 즉시 교체 및 매일 소독 실시%%정원 외 인원 추가 시 업체 문의 필수(추가요금 발생)%%연박 이용객의 경우 세탁 서비스 제공(업체 문의),"TV, 에어컨, 선풍기, 스탠드%%드라이기, 수건, 욕실용품, 칫솔치약, 빗%%냉장고, 생수 2병, 음료",1
118,25,패밀리룸,,3,3,3,16:00,11:00,100000,100000,,,숙박 | 체크인 16:00 - 체크아웃 11:00%%개인실%%기준 3인 최대 3인%%퀸 침대 1개 + 싱글침대 1개 + 인원에 맞는 침구류 제공%%객실 내 전용 화장실 이용%%침구류는 퇴실 후 즉시 교체 및 매일 소독 실시%%정원 외 인원 추가 시 업체 문의 필수(추가요금 발생)%%연박 이용객의 경우 세탁 서비스 제공건조서비스유료(업체 문의),"TV, 에어컨, 선풍기, 스탠드%%드라이기, 수건, 욕실용품, 칫솔치약, 빗%%냉장고, 생수4병, 음료",1
119,25,한실,특실,2,4,4,16:00,11:00,130000,130000,,,숙박 | 체크인 16:00 - 체크아웃 11:00%%개인실%%기준 4인 최대 4인%%퀸 침대 2개 + 인원에 맞는 침구류 제공%%객실 내 전용 화장실 이용%%침구류는 퇴실 후 즉시 교체 및 매일 소독 실시%%정원 외 인원 추가 시 업체 문의 필수(추가요금 발생)%%연박 이용객의 경우 세탁 서비스 제공건조서비스유료(업체 문의),"TV, 에어컨, 선풍기, 스탠드%%드라이기, 수건, 욕실용품, 칫솔치약, 빗%%냉장고, 생수4병",1
120,26,도미토리,남성,3,1,2,16:00,10:00,23000,23000,,,"숙박 | 체크인 16:00 - 체크아웃 10:00%%도미토리(남자)%%기준 1인 정원 2인%%기준인원 외 인원 추가 시 비용이 발생할 수 있으며, 현장 결제하시기 바랍니다.%%1인기준 금액이며 총 8명 숙박가능한 룸입니다.%%1인 1침대만 사용가능, 도미토리룸으로 운영합니다. 가족 외의 혼숙이 불가합니다%%체크인시간(오후 4시 ~ 밤11시) 엄수!!(체크인시간을 못지키실 경우 노쇼처리)%%저희 건물이 오전 10시부터 오후4시까지 잠겨있기때문에 오전 10시이전에 게스트하우스에 오셔야 보관가능.%%객실 내 금연/예약하신 룸 외에 다른 객실 출입시 강제퇴실/객실 내 음식물 반입시 강제퇴실/기물파손 시 손해배상청구","객실내 화장실,욕실,에어컨,화장솜,면봉,고데기,샴푸,린스,바디워시 등 구비. 수건은 1인1박1장 제공(추가대여시 1장 1,000원). 일회용칫솔과 일회용면도기를 프런트에서 1,000원에 구매가능. 객실내 음식물 반입불가(1층 로비 사용가능, 소등이 밤12시이기때문에 그 전에 정리). 게스트하우스에서 판매하는 주류외의 주종만 사와서 로비에서 취식가능.",1
121,26,도미토리,여성,3,1,2,16:00,10:00,23000,23000,,,"숙박 | 체크인 16:00 - 체크아웃 10:00%%도미토리(여자)%%기준 1인 정원 2인%%기준인원 외 인원 추가 시 비용이 발생할 수 있으며, 현장 결제하시기 바랍니다.%%1인기준 금액이며 총 8명 숙박가능한 룸입니다.%%1인 1침대만 사용가능, 도미토리룸으로 운영합니다. 가족 외의 혼숙이 불가합니다%%체크인시간(오후 4시 ~ 밤11시) 엄수!!(체크인시간을 못지키실 경우 노쇼처리)%%저희 건물이 오전 10시부터 오후4시까지 잠겨있기때문에 오전 10시이전에 게스트하우스에 오셔야 보관가능.%%객실 내 금연/예약하신 룸 외에 다른 객실 출입시 강제퇴실/ 객실 내 음식물 반입시 강제퇴실/ 기물파손 시 손해배상청구","객실내 화장실,욕실,에어컨,화장솜,면봉,고데기,샴푸,린스,바디워시 등 구비. 수건은 1인1박1장 제공(추가대여시 1장 1,000원). 일회용칫솔과 일회용면도기를 프런트에서 1,000원에 구매가능. 객실내 음식물 반입불가(1층 로비 사용가능, 소등이 밤12시이기때문에 그 전에 정리). 게스트하우스에서 판매하는 주류외의 주종만 사와서 로비에서 취식가능.",1
122,26,더블룸,1인실,5,1,1,16:00,10:00,45000,45000,,,숙박 | 체크인 16:00 - 체크아웃 10:00%%개인실%%기준 1인 최대 1인%%퀸사이즈침대 1개로 1인 숙박하시는 룸입니다.%%가족 외의 혼숙이 불가합니다%%체크인시간(오후 4시 ~ 밤11시) 엄수!!(체크인시간을 못지키실 경우 노쇼처리)%%저희 건물이 오전 10시부터 오후4시까지 잠겨있기때문에 오전 10시이전에 게스트하우스에 오셔야 보관가능. 객실 내 금연.%%예약하신 룸 외에 다른 객실 출입시 강제퇴실/ 객실 내 음식물 반입시 강제퇴실/ 기물파손 시 손해배상청구,"객실내 화장실,욕실,에어컨,화장솜,면봉,고데기,샴푸,린스,바디워시 등 구비. 수건은 1인1박2장 제공(추가대여시 1장 1,000원). 일회용칫솔과 일회용면도기를 프런트에서 1,000원에 구매가능. 객실내 음식물 반입불가(1층 로비 사용가능, 소등이 밤12시이기때문에 그 전에 정리). 게스트하우스에서 판매하는 주류외의 주종만 사와서 로비에서 취식가능.",1
123,26,더블룸,2인실,4,2,2,16:00,10:00,65000,65000,,,숙박 | 체크인 16:00 - 체크아웃 10:00%%개인실%%기준 2인 최대 2인%%2인기준 금액이며 총 2명(정원초과불가) 숙박가능한 룸입니다. 예약 순서대로 방이 배정됩니다.%%가족 외의 혼숙이 불가합니다%%체크인시간(오후 4시 ~ 밤11시) 엄수!!(체크인시간을 못지키실 경우 노쇼처리)%%저희 건물이 오전 10시부터 오후4시까지 잠겨있기때문에 오전 10시이전에 게스트하우스에 오셔야 보관가능.%%객실 내 금연/ 예약하신 룸 외에 다른 객실 출입시 강제퇴실/객실 내 음식물 반입시 강제퇴실/기물파손 시 손해배상청구,"객실내 화장실,욕실,에어컨,화장솜,면봉,고데기,샴푸,린스,바디워시 등 구비. 수건은 1인1박1장 제공(추가대여시 1장 1,000원). 일회용칫솔과 일회용면도기를 프런트에서 1,000원에 구매가능. 객실내 음식물 반입불가(1층 로비 사용가능, 소등이 밤12시이기때문에 그 전에 정리). 게스트하우스에서 판매하는 주류외의 주종만 사와서 로비에서 취식가능.",1
124,27,남성4인실,,4,1,4,15:00,11:00,18000,18000,,,"숙박 | 체크인 15:00 - 체크아웃 11:00%%도미토리(남자)%%기준 1인 정원 8인%%기준인원 외 인원 추가 시 비용이 발생할 수 있으며, 현장 결제하시기 바랍니다.%%4인실 2개와 거실,욕실이 있는 방입니다.%%1번방 4인실 2번방 4인실%%거실에는 추가세면대가 있어 욕실과 따로 세안이나 칫솔질 가능","개인침구류, 수건2장, 치솔, 1회용베개커버, 개인사물함, 개인콘센트, 드라이기, 고데기, 샴푸, 바디워시, 컨디셔너, 폼클렌징, 치약, 손거울%%1층 카페테리아에도 화장실이 있어서 복잡할때는 1층 카페테리아도 사용 가능합니다.",1
125,27,여성4인실,,4,1,4,15:00,11:00,18000,18000,,,"숙박 | 체크인 15:00 - 체크아웃 11:00%%도미토리(여자)%%기준 1인 정원 8인%%기준인원 외 인원 추가 시 비용이 발생할 수 있으며, 현장 결제하시기 바랍니다.%%4인실 2개와 파우더룸,욕실이 있는 방입니다.%%파우더룸에는 추가세면대가 있어 욕실과 따로 세안이나 칫솔질 가능합니다.","개인침구류, 수건2장, 치솔, 레이디세트(화장솜,면봉,머리끈), 1회용베개커버, 개인사물함, 개인콘센트, 드라이기, 고데기, 샴푸, 바디워시, 컨디셔너, 폼클렌징, 치약%%1층 카페테리아에도 화장실이 있어서 복잡할때는 1층 카페테리아도 사용 가능합니다.%%이 객실은 건물2층에 위치해 있습니다.",1
126,27,1인실,,3,1,1,15:00,11:00,32000,32000,,,"숙박 | 체크인 15:00 - 체크아웃 11:00%%개인실%%기준 1인 최대 2인%%기준인원 외 인원 추가 시 비용이 발생할 수 있으며, 현장 결제하시기 바랍니다.(1인 추가가격 : 10,000원)%%슈퍼싱글침대 입니다. 개인욕실입니다.%%모든 객실에 책상과 의자 있습니다.%%인원추가는 1인 10.000원이며 최대 1인까지 추가 가능합니다.%%추가인원은 토퍼와 침구류,각종 비품 제공됩니다.%%당일예약은 숙소 사정에 의해 인원추가가 불가능 합니다.%%추가인원 불가로 인한 취소는 규정에 따라서만 가능합니다.%%예약 전 소개글 꼭 읽어주시기 바랍니다.%%게스트하우스 특성 상 혼숙 불가능합니다. 동성끼리만 숙박 가능합니다.%%1인실은 여러개 있으며 랜덤배정","침구류, TV, 에어컨, 전기장판, 고데기, 드라이기, 수건, 치약, 1회용 칫솔, 1회용 베개커버, 욕실용품",1
127,27,가족3인실,,2,3,4,15:00,11:00,70000,70000,,,"숙박 | 체크인 15:00 - 체크아웃 11:00%%개인실%%기준 3인 최대 4인%%기준인원 외 인원 추가 시 비용이 발생할 수 있으며, 현장 결제하시기 바랍니다.(1인 추가가격 : 10,000원)%%3인실 가족룸입니다.%%1층 침대는 더블침대 2층 침대는 싱글침대 입니다.%%3인이 정원이고 4인인 경우에는 추가침구해서 4인까지 가능합니다%%인원추가는 1인 10.000원이며 최대 1인까지 추가 가능합니다.%%추가인원은 토퍼와 침구류,각종 비품 제공됩니다.%%당일예약은 숙소 사정에 의해 인원추가가 불가능 합니다.%%추가인원 불가로 인한 취소는 규정에 따라서만 가능합니다.%%예약 전 소개글 꼭 읽어주시기 바랍니다.%%게스트하우스 특성 상 부부, 커플 외에는 혼숙 불가","고데기,드라이기,화장솜,면봉,머리끈,수건,1회용종이베개커버,샴푸,바디워시,컨디셔너,폼클렌징,치약,치솔 TV 제공됩니다.%%객실 내 음식물 취식 금지되어있습니다. 1층 카페테리아에서 제발 부탁드릴게용.%%흡연도 건물 내 에서 불가능하고 1층 건물 외부에서 부탁드릴게요.",1
128,28,BELLA(B타입),,1,2,2,15:00,11:00,65000,65000,,,숙박 | 체크인 15:00 - 체크아웃 11:00%%2인 기준 최대 2인%%더블침대 1개%%객실+거실+욕실 / 7평%%기준인원 외 추가입실 불가,"TV,냉장고,에어컨,세탁기,인덕션,전기포트,충전기,와이파이,수납장,러그,객실화,옷걸이,비데,드라이기,고데기,손세정제,욕실용품,세면타올,샤워타올,발매트,욕실화,양치컵,테이블",1
129,29,안심여관,,1,2,4,16:00,11:00,387000,387000,,,"숙박 | 체크인 16:00 - 체크아웃 11:00%%2인 기준 최대 4인 (유료)%%인원 추가시 비용이 발생되며, 현장에서 결제 바랍니다.%%객실2+거실+욕실2 / 15평","침구류, TV, 에어컨, 커피머신, 스피커, 커피포트, 다기세트, 드라이기, 욕실용품",1
130,30,오션라이프,,1,2,10,15:00,11:00,166880,166880,,,"숙박 | 체크인 15:00 - 체크아웃 11:00%%2인 기준 최대 10인 (유료)%%인원 추가시 비용이 발생되며, 현장에서 결제 바랍니다.%%더블침대 2개%%객실+거실+욕실 / 23평","침구류, TV, 에어컨, 취사도구, 냄비, 수저, 후라이팬, 각종잔과그릇, 드라이기, 욕실용품",1
